"filename", "language", "JavaScript", "CSS", "Markdown", "XML", "JSON", "JSON with Comments", "Properties", "comment", "blank", "total"
"d:\Project\NewClientPanel\new_client_panel-app\.env", "Properties", 0, 0, 0, 0, 0, 0, 1, 0, 0, 1
"d:\Project\NewClientPanel\new_client_panel-app\.eslintrc.json", "JSON", 0, 0, 0, 0, 3, 0, 0, 0, 1, 4
"d:\Project\NewClientPanel\new_client_panel-app\README.md", "Markdown", 0, 0, 25, 0, 0, 0, 0, 0, 16, 41
"d:\Project\NewClientPanel\new_client_panel-app\data\increaseCreditData\IncreaseCreditData.js", "JavaScript", 23, 0, 0, 0, 0, 0, 0, 0, 1, 24
"d:\Project\NewClientPanel\new_client_panel-app\data\increaseCreditData\PaymentGatewaysData.js", "JavaScript", 7, 0, 0, 0, 0, 0, 0, 16, 1, 24
"d:\Project\NewClientPanel\new_client_panel-app\data\ramzNegarServicesData\coinServiceData.js", "JavaScript", 81, 0, 0, 0, 0, 0, 0, 0, 2, 83
"d:\Project\NewClientPanel\new_client_panel-app\data\ramzNegarServicesData\myPoliceServiceData.js", "JavaScript", 179, 0, 0, 0, 0, 0, 0, 0, 2, 181
"d:\Project\NewClientPanel\new_client_panel-app\data\ramzNegarServicesData\serviceServicesData.js", "JavaScript", 52, 0, 0, 0, 0, 0, 0, 0, 2, 54
"d:\Project\NewClientPanel\new_client_panel-app\jsconfig.json", "JSON with Comments", 0, 0, 0, 0, 0, 7, 0, 0, 1, 8
"d:\Project\NewClientPanel\new_client_panel-app\next.config.js", "JavaScript", 4, 0, 0, 0, 0, 0, 0, 1, 2, 7
"d:\Project\NewClientPanel\new_client_panel-app\package-lock.json", "JSON", 0, 0, 0, 0, 6026, 0, 0, 0, 1, 6027
"d:\Project\NewClientPanel\new_client_panel-app\package.json", "JSON", 0, 0, 0, 0, 46, 0, 0, 0, 1, 47
"d:\Project\NewClientPanel\new_client_panel-app\postcss.config.js", "JavaScript", 6, 0, 0, 0, 0, 0, 0, 0, 1, 7
"d:\Project\NewClientPanel\new_client_panel-app\public\assets\images\0.svg", "XML", 0, 0, 0, 3, 0, 0, 0, 0, 1, 4
"d:\Project\NewClientPanel\new_client_panel-app\public\assets\images\4.svg", "XML", 0, 0, 0, 3, 0, 0, 0, 0, 1, 4
"d:\Project\NewClientPanel\new_client_panel-app\public\assets\images\Exit.svg", "XML", 0, 0, 0, 3, 0, 0, 0, 0, 1, 4
"d:\Project\NewClientPanel\new_client_panel-app\public\assets\images\Jibit_gateway.svg", "XML", 0, 0, 0, 9, 0, 0, 0, 0, 1, 10
"d:\Project\NewClientPanel\new_client_panel-app\public\assets\images\NewHomePage\Aggregationofgeneralcarviolations.svg", "XML", 0, 0, 0, 7, 0, 0, 0, 0, 1, 8
"d:\Project\NewClientPanel\new_client_panel-app\public\assets\images\NewHomePage\Announcementofthecollection.svg", "XML", 0, 0, 0, 7, 0, 0, 0, 0, 1, 8
"d:\Project\NewClientPanel\new_client_panel-app\public\assets\images\NewHomePage\Certificatestatusinquiry.svg", "XML", 0, 0, 0, 6, 0, 0, 0, 0, 1, 7
"d:\Project\NewClientPanel\new_client_panel-app\public\assets\images\NewHomePage\DesktopLock.svg", "XML", 0, 0, 0, 145, 0, 0, 0, 0, 1, 146
"d:\Project\NewClientPanel\new_client_panel-app\public\assets\images\NewHomePage\EngineViolationImageQuery.svg", "XML", 0, 0, 0, 6, 0, 0, 0, 0, 1, 7
"d:\Project\NewClientPanel\new_client_panel-app\public\assets\images\NewHomePage\Inquiringaboutthestatus.svg", "XML", 0, 0, 0, 6, 0, 0, 0, 0, 1, 7
"d:\Project\NewClientPanel\new_client_panel-app\public\assets\images\NewHomePage\Inquiryofactivelicenseplates.svg", "XML", 0, 0, 0, 4, 0, 0, 0, 0, 1, 5
"d:\Project\NewClientPanel\new_client_panel-app\public\assets\images\NewHomePage\Inquiryservice.svg", "XML", 0, 0, 0, 9, 0, 0, 0, 0, 1, 10
"d:\Project\NewClientPanel\new_client_panel-app\public\assets\images\NewHomePage\Mobile.svg", "XML", 0, 0, 0, 12, 0, 0, 0, 0, 1, 13
"d:\Project\NewClientPanel\new_client_panel-app\public\assets\images\NewHomePage\MobileLock.svg", "XML", 0, 0, 0, 145, 0, 0, 0, 0, 1, 146
"d:\Project\NewClientPanel\new_client_panel-app\public\assets\images\NewHomePage\Passportstatusinquiry.svg", "XML", 0, 0, 0, 10, 0, 0, 0, 0, 1, 11
"d:\Project\NewClientPanel\new_client_panel-app\public\assets\images\NewHomePage\Paymentofexitfees.svg", "XML", 0, 0, 0, 6, 0, 0, 0, 0, 1, 7
"d:\Project\NewClientPanel\new_client_panel-app\public\assets\images\NewHomePage\Queryengineviolations.svg", "XML", 0, 0, 0, 8, 0, 0, 0, 0, 1, 9
"d:\Project\NewClientPanel\new_client_panel-app\public\assets\images\NewHomePage\Queryimageofcarviolation.svg", "XML", 0, 0, 0, 5, 0, 0, 0, 0, 1, 6
"d:\Project\NewClientPanel\new_client_panel-app\public\assets\images\NewHomePage\Queryingthenegativescore.svg", "XML", 0, 0, 0, 4, 0, 0, 0, 0, 1, 5
"d:\Project\NewClientPanel\new_client_panel-app\public\assets\images\NewHomePage\RAMZNEGAR LOGO ONE copy.svg", "XML", 0, 0, 0, 2537, 0, 0, 0, 1, 2, 2540
"d:\Project\NewClientPanel\new_client_panel-app\public\assets\images\NewHomePage\RamzNegarLogo.svg", "XML", 0, 0, 0, 22, 0, 0, 0, 0, 1, 23
"d:\Project\NewClientPanel\new_client_panel-app\public\assets\images\NewHomePage\SMS.svg", "XML", 0, 0, 0, 13, 0, 0, 0, 0, 1, 14
"d:\Project\NewClientPanel\new_client_panel-app\public\assets\images\NewHomePage\ServicesSelected.svg", "XML", 0, 0, 0, 3, 0, 0, 0, 0, 1, 4
"d:\Project\NewClientPanel\new_client_panel-app\public\assets\images\NewHomePage\TabletLock.svg", "XML", 0, 0, 0, 145, 0, 0, 0, 0, 1, 146
"d:\Project\NewClientPanel\new_client_panel-app\public\assets\images\NewHomePage\Vehicleviolationsinquiry.svg", "XML", 0, 0, 0, 7, 0, 0, 0, 0, 1, 8
"d:\Project\NewClientPanel\new_client_panel-app\public\assets\images\NewHomePage\acceptCode.svg", "XML", 0, 0, 0, 4, 0, 0, 0, 0, 1, 5
"d:\Project\NewClientPanel\new_client_panel-app\public\assets\images\NewHomePage\activeMachines.svg", "XML", 0, 0, 0, 4, 0, 0, 0, 0, 1, 5
"d:\Project\NewClientPanel\new_client_panel-app\public\assets\images\NewHomePage\authenticationPic.svg", "XML", 0, 0, 0, 25, 0, 0, 0, 0, 1, 26
"d:\Project\NewClientPanel\new_client_panel-app\public\assets\images\NewHomePage\authenticationTick.svg", "XML", 0, 0, 0, 17, 0, 0, 0, 0, 1, 18
"d:\Project\NewClientPanel\new_client_panel-app\public\assets\images\NewHomePage\backgroundDesktop.svg", "XML", 0, 0, 0, 504, 0, 0, 0, 0, 1, 505
"d:\Project\NewClientPanel\new_client_panel-app\public\assets\images\NewHomePage\backgroundMobile.svg", "XML", 0, 0, 0, 471, 0, 0, 0, 0, 1, 472
"d:\Project\NewClientPanel\new_client_panel-app\public\assets\images\NewHomePage\backgroundTablet.svg", "XML", 0, 0, 0, 471, 0, 0, 0, 0, 1, 472
"d:\Project\NewClientPanel\new_client_panel-app\public\assets\images\NewHomePage\blueSemiCircle.svg", "XML", 0, 0, 0, 3, 0, 0, 0, 0, 1, 4
"d:\Project\NewClientPanel\new_client_panel-app\public\assets\images\NewHomePage\blueSemiCircleToLeft.svg", "XML", 0, 0, 0, 3, 0, 0, 0, 0, 1, 4
"d:\Project\NewClientPanel\new_client_panel-app\public\assets\images\NewHomePage\bottomBadge.svg", "XML", 0, 0, 0, 18, 0, 0, 0, 0, 1, 19
"d:\Project\NewClientPanel\new_client_panel-app\public\assets\images\NewHomePage\car.svg", "XML", 0, 0, 0, 94, 0, 0, 0, 0, 1, 95
"d:\Project\NewClientPanel\new_client_panel-app\public\assets\images\NewHomePage\cart.svg", "XML", 0, 0, 0, 12, 0, 0, 0, 0, 1, 13
"d:\Project\NewClientPanel\new_client_panel-app\public\assets\images\NewHomePage\circle.svg", "XML", 0, 0, 0, 3, 0, 0, 0, 0, 1, 4
"d:\Project\NewClientPanel\new_client_panel-app\public\assets\images\NewHomePage\closeBox.svg", "XML", 0, 0, 0, 70, 0, 0, 0, 0, 1, 71
"d:\Project\NewClientPanel\new_client_panel-app\public\assets\images\NewHomePage\coin.svg", "XML", 0, 0, 0, 19, 0, 0, 0, 0, 1, 20
"d:\Project\NewClientPanel\new_client_panel-app\public\assets\images\NewHomePage\coinConfirm.svg", "XML", 0, 0, 0, 5, 0, 0, 0, 0, 1, 6
"d:\Project\NewClientPanel\new_client_panel-app\public\assets\images\NewHomePage\coinJam.svg", "XML", 0, 0, 0, 798, 0, 0, 0, 0, 1, 799
"d:\Project\NewClientPanel\new_client_panel-app\public\assets\images\NewHomePage\coinLanding.svg", "XML", 0, 0, 0, 813, 0, 0, 0, 0, 1, 814
"d:\Project\NewClientPanel\new_client_panel-app\public\assets\images\NewHomePage\coinRequest.svg", "XML", 0, 0, 0, 4, 0, 0, 0, 0, 1, 5
"d:\Project\NewClientPanel\new_client_panel-app\public\assets\images\NewHomePage\coinShow.svg", "XML", 0, 0, 0, 7, 0, 0, 0, 0, 1, 8
"d:\Project\NewClientPanel\new_client_panel-app\public\assets\images\NewHomePage\columnLock.svg", "XML", 0, 0, 0, 23, 0, 0, 0, 0, 1, 24
"d:\Project\NewClientPanel\new_client_panel-app\public\assets\images\NewHomePage\contactUsIcon.svg", "XML", 0, 0, 0, 3, 0, 0, 0, 0, 1, 4
"d:\Project\NewClientPanel\new_client_panel-app\public\assets\images\NewHomePage\cornerDot.svg", "XML", 0, 0, 0, 18, 0, 0, 0, 0, 1, 19
"d:\Project\NewClientPanel\new_client_panel-app\public\assets\images\NewHomePage\cornerDotToTop.svg", "XML", 0, 0, 0, 18, 0, 0, 0, 0, 1, 19
"d:\Project\NewClientPanel\new_client_panel-app\public\assets\images\NewHomePage\cubes.svg", "XML", 0, 0, 0, 5, 0, 0, 0, 0, 1, 6
"d:\Project\NewClientPanel\new_client_panel-app\public\assets\images\NewHomePage\cubes2.svg", "XML", 0, 0, 0, 5, 0, 0, 0, 0, 1, 6
"d:\Project\NewClientPanel\new_client_panel-app\public\assets\images\NewHomePage\dartBoardMobile.svg", "XML", 0, 0, 0, 31, 0, 0, 0, 0, 1, 32
"d:\Project\NewClientPanel\new_client_panel-app\public\assets\images\NewHomePage\dartPen.svg", "XML", 0, 0, 0, 14, 0, 0, 0, 0, 1, 15
"d:\Project\NewClientPanel\new_client_panel-app\public\assets\images\NewHomePage\dartbord.svg", "XML", 0, 0, 0, 31, 0, 0, 0, 0, 1, 32
"d:\Project\NewClientPanel\new_client_panel-app\public\assets\images\NewHomePage\direction.svg", "XML", 0, 0, 0, 3, 0, 0, 0, 0, 1, 4
"d:\Project\NewClientPanel\new_client_panel-app\public\assets\images\NewHomePage\eghtesadNovinBank.svg", "XML", 0, 0, 0, 9, 0, 0, 0, 0, 1, 10
"d:\Project\NewClientPanel\new_client_panel-app\public\assets\images\NewHomePage\fivIcon.svg", "XML", 0, 0, 0, 22, 0, 0, 0, 0, 1, 23
"d:\Project\NewClientPanel\new_client_panel-app\public\assets\images\NewHomePage\insta.svg", "XML", 0, 0, 0, 3, 0, 0, 0, 0, 1, 4
"d:\Project\NewClientPanel\new_client_panel-app\public\assets\images\NewHomePage\insurance.svg", "XML", 0, 0, 0, 18, 0, 0, 0, 0, 1, 19
"d:\Project\NewClientPanel\new_client_panel-app\public\assets\images\NewHomePage\insuransConis.svg", "XML", 0, 0, 0, 291, 0, 0, 0, 0, 1, 292
"d:\Project\NewClientPanel\new_client_panel-app\public\assets\images\NewHomePage\lamp.svg", "XML", 0, 0, 0, 3, 0, 0, 0, 0, 1, 4
"d:\Project\NewClientPanel\new_client_panel-app\public\assets\images\NewHomePage\leftDirection.svg", "XML", 0, 0, 0, 3, 0, 0, 0, 0, 1, 4
"d:\Project\NewClientPanel\new_client_panel-app\public\assets\images\NewHomePage\lightGrayDirection.svg", "XML", 0, 0, 0, 3, 0, 0, 0, 0, 1, 4
"d:\Project\NewClientPanel\new_client_panel-app\public\assets\images\NewHomePage\line.svg", "XML", 0, 0, 0, 31, 0, 0, 0, 0, 1, 32
"d:\Project\NewClientPanel\new_client_panel-app\public\assets\images\NewHomePage\linkedin.svg", "XML", 0, 0, 0, 3, 0, 0, 0, 0, 1, 4
"d:\Project\NewClientPanel\new_client_panel-app\public\assets\images\NewHomePage\melliBank.svg", "XML", 0, 0, 0, 9, 0, 0, 0, 0, 1, 10
"d:\Project\NewClientPanel\new_client_panel-app\public\assets\images\NewHomePage\mobileImageDesktopLanding.svg", "XML", 0, 0, 0, 23, 0, 0, 0, 0, 1, 24
"d:\Project\NewClientPanel\new_client_panel-app\public\assets\images\NewHomePage\mobileImageMLanding.svg", "XML", 0, 0, 0, 23, 0, 0, 0, 0, 1, 24
"d:\Project\NewClientPanel\new_client_panel-app\public\assets\images\NewHomePage\myPolice.svg", "XML", 0, 0, 0, 15, 0, 0, 0, 0, 1, 16
"d:\Project\NewClientPanel\new_client_panel-app\public\assets\images\NewHomePage\myPoliceDesktopLanding.svg", "XML", 0, 0, 0, 16, 0, 0, 0, 0, 1, 17
"d:\Project\NewClientPanel\new_client_panel-app\public\assets\images\NewHomePage\myPoliceMLanding.svg", "XML", 0, 0, 0, 16, 0, 0, 0, 0, 1, 17
"d:\Project\NewClientPanel\new_client_panel-app\public\assets\images\NewHomePage\myPoliceTick.svg", "XML", 0, 0, 0, 3, 0, 0, 0, 0, 1, 4
"d:\Project\NewClientPanel\new_client_panel-app\public\assets\images\NewHomePage\notice.svg", "XML", 0, 0, 0, 5, 0, 0, 0, 0, 1, 6
"d:\Project\NewClientPanel\new_client_panel-app\public\assets\images\NewHomePage\openBox.svg", "XML", 0, 0, 0, 104, 0, 0, 0, 0, 1, 105
"d:\Project\NewClientPanel\new_client_panel-app\public\assets\images\NewHomePage\plusGroup.svg", "XML", 0, 0, 0, 16, 0, 0, 0, 0, 1, 17
"d:\Project\NewClientPanel\new_client_panel-app\public\assets\images\NewHomePage\privacyIcon.svg", "XML", 0, 0, 0, 4, 0, 0, 0, 0, 1, 5
"d:\Project\NewClientPanel\new_client_panel-app\public\assets\images\NewHomePage\productPrice.svg", "XML", 0, 0, 0, 8, 0, 0, 0, 0, 1, 9
"d:\Project\NewClientPanel\new_client_panel-app\public\assets\images\NewHomePage\questionsIcon.svg", "XML", 0, 0, 0, 3, 0, 0, 0, 0, 1, 4
"d:\Project\NewClientPanel\new_client_panel-app\public\assets\images\NewHomePage\rightDirection.svg", "XML", 0, 0, 0, 3, 0, 0, 0, 0, 1, 4
"d:\Project\NewClientPanel\new_client_panel-app\public\assets\images\NewHomePage\sampleLogo.svg", "XML", 0, 0, 0, 4, 0, 0, 0, 0, 1, 5
"d:\Project\NewClientPanel\new_client_panel-app\public\assets\images\NewHomePage\search.svg", "XML", 0, 0, 0, 43, 0, 0, 0, 0, 1, 44
"d:\Project\NewClientPanel\new_client_panel-app\public\assets\images\NewHomePage\searchCode.svg", "XML", 0, 0, 0, 5, 0, 0, 0, 0, 1, 6
"d:\Project\NewClientPanel\new_client_panel-app\public\assets\images\NewHomePage\sendMessage.svg", "XML", 0, 0, 0, 4, 0, 0, 0, 0, 1, 5
"d:\Project\NewClientPanel\new_client_panel-app\public\assets\images\NewHomePage\servicesIcon.svg", "XML", 0, 0, 0, 3, 0, 0, 0, 0, 1, 4
"d:\Project\NewClientPanel\new_client_panel-app\public\assets\images\NewHomePage\shahkar.svg", "XML", 0, 0, 0, 4, 0, 0, 0, 0, 1, 5
"d:\Project\NewClientPanel\new_client_panel-app\public\assets\images\NewHomePage\shahrBank.svg", "XML", 0, 0, 0, 9, 0, 0, 0, 0, 1, 10
"d:\Project\NewClientPanel\new_client_panel-app\public\assets\images\NewHomePage\signOutIcon.svg", "XML", 0, 0, 0, 3, 0, 0, 0, 0, 1, 4
"d:\Project\NewClientPanel\new_client_panel-app\public\assets\images\NewHomePage\sinaBank.svg", "XML", 0, 0, 0, 9, 0, 0, 0, 0, 1, 10
"d:\Project\NewClientPanel\new_client_panel-app\public\assets\images\NewHomePage\stop.svg", "XML", 0, 0, 0, 12, 0, 0, 0, 0, 1, 13
"d:\Project\NewClientPanel\new_client_panel-app\public\assets\images\NewHomePage\stopExit.svg", "XML", 0, 0, 0, 9, 0, 0, 0, 0, 1, 10
"d:\Project\NewClientPanel\new_client_panel-app\public\assets\images\NewHomePage\tajaratBank2.svg", "XML", 0, 0, 0, 9, 0, 0, 0, 0, 1, 10
"d:\Project\NewClientPanel\new_client_panel-app\public\assets\images\NewHomePage\tejaratBank.svg", "XML", 0, 0, 0, 9, 0, 0, 0, 0, 1, 10
"d:\Project\NewClientPanel\new_client_panel-app\public\assets\images\NewHomePage\telegram.svg", "XML", 0, 0, 0, 4, 0, 0, 0, 0, 1, 5
"d:\Project\NewClientPanel\new_client_panel-app\public\assets\images\NewHomePage\twitter.svg", "XML", 0, 0, 0, 3, 0, 0, 0, 0, 1, 4
"d:\Project\NewClientPanel\new_client_panel-app\public\assets\images\NewHomePage\userManagement.svg", "XML", 0, 0, 0, 64, 0, 0, 0, 0, 1, 65
"d:\Project\NewClientPanel\new_client_panel-app\public\assets\images\NewHomePage\userRegister.svg", "XML", 0, 0, 0, 6, 0, 0, 0, 0, 1, 7
"d:\Project\NewClientPanel\new_client_panel-app\public\assets\images\NewHomePage\userRemaining.svg", "XML", 0, 0, 0, 4, 0, 0, 0, 0, 1, 5
"d:\Project\NewClientPanel\new_client_panel-app\public\assets\images\NewHomePage\wallet.svg", "XML", 0, 0, 0, 13, 0, 0, 0, 0, 1, 14
"d:\Project\NewClientPanel\new_client_panel-app\public\assets\images\NewHomePage\whiteRamzNegarLogo.svg", "XML", 0, 0, 0, 19, 0, 0, 0, 0, 1, 20
"d:\Project\NewClientPanel\new_client_panel-app\public\assets\images\NewHomePage\whyRamzNegarIcon.svg", "XML", 0, 0, 0, 3, 0, 0, 0, 0, 1, 4
"d:\Project\NewClientPanel\new_client_panel-app\public\assets\images\NewSignIn.svg", "XML", 0, 0, 0, 612, 0, 0, 0, 0, 1, 613
"d:\Project\NewClientPanel\new_client_panel-app\public\assets\images\applicationsIcon.svg", "XML", 0, 0, 0, 6, 0, 0, 0, 0, 1, 7
"d:\Project\NewClientPanel\new_client_panel-app\public\assets\images\bankMellat_gateway.svg", "XML", 0, 0, 0, 9, 0, 0, 0, 0, 1, 10
"d:\Project\NewClientPanel\new_client_panel-app\public\assets\images\bankMelli_gateway.svg", "XML", 0, 0, 0, 9, 0, 0, 0, 0, 1, 10
"d:\Project\NewClientPanel\new_client_panel-app\public\assets\images\bankSepah_gateway.svg", "XML", 0, 0, 0, 9, 0, 0, 0, 0, 1, 10
"d:\Project\NewClientPanel\new_client_panel-app\public\assets\images\blackSignOut.svg", "XML", 0, 0, 0, 3, 0, 0, 0, 0, 1, 4
"d:\Project\NewClientPanel\new_client_panel-app\public\assets\images\blueDownload.svg", "XML", 0, 0, 0, 4, 0, 0, 0, 0, 1, 5
"d:\Project\NewClientPanel\new_client_panel-app\public\assets\images\blueExit.svg", "XML", 0, 0, 0, 3, 0, 0, 0, 0, 1, 4
"d:\Project\NewClientPanel\new_client_panel-app\public\assets\images\breadCrumbsDirection.svg", "XML", 0, 0, 0, 3, 0, 0, 0, 0, 1, 4
"d:\Project\NewClientPanel\new_client_panel-app\public\assets\images\calendar.svg", "XML", 0, 0, 0, 4, 0, 0, 0, 0, 1, 5
"d:\Project\NewClientPanel\new_client_panel-app\public\assets\images\camera.svg", "XML", 0, 0, 0, 6, 0, 0, 0, 0, 1, 7
"d:\Project\NewClientPanel\new_client_panel-app\public\assets\images\changePass.svg", "XML", 0, 0, 0, 3, 0, 0, 0, 0, 1, 4
"d:\Project\NewClientPanel\new_client_panel-app\public\assets\images\down.svg", "XML", 0, 0, 0, 3, 0, 0, 0, 0, 1, 4
"d:\Project\NewClientPanel\new_client_panel-app\public\assets\images\download.svg", "XML", 0, 0, 0, 4, 0, 0, 0, 0, 1, 5
"d:\Project\NewClientPanel\new_client_panel-app\public\assets\images\edit.svg", "XML", 0, 0, 0, 4, 0, 0, 0, 0, 1, 5
"d:\Project\NewClientPanel\new_client_panel-app\public\assets\images\financialIcon.svg", "XML", 0, 0, 0, 6, 0, 0, 0, 0, 1, 7
"d:\Project\NewClientPanel\new_client_panel-app\public\assets\images\grayUploadFile.svg", "XML", 0, 0, 0, 4, 0, 0, 0, 0, 1, 5
"d:\Project\NewClientPanel\new_client_panel-app\public\assets\images\inventoryIcon.svg", "XML", 0, 0, 0, 4, 0, 0, 0, 0, 1, 5
"d:\Project\NewClientPanel\new_client_panel-app\public\assets\images\loginReportsIcon.svg", "XML", 0, 0, 0, 5, 0, 0, 0, 0, 1, 6
"d:\Project\NewClientPanel\new_client_panel-app\public\assets\images\magnifier.svg", "XML", 0, 0, 0, 11, 0, 0, 0, 0, 1, 12
"d:\Project\NewClientPanel\new_client_panel-app\public\assets\images\money.svg", "XML", 0, 0, 0, 9, 0, 0, 0, 0, 1, 10
"d:\Project\NewClientPanel\new_client_panel-app\public\assets\images\multiple.svg", "XML", 0, 0, 0, 3, 0, 0, 0, 0, 1, 4
"d:\Project\NewClientPanel\new_client_panel-app\public\assets\images\noAddedFile.svg", "XML", 0, 0, 0, 6, 0, 0, 0, 0, 1, 7
"d:\Project\NewClientPanel\new_client_panel-app\public\assets\images\noApplication.svg", "XML", 0, 0, 0, 56, 0, 0, 0, 0, 1, 57
"d:\Project\NewClientPanel\new_client_panel-app\public\assets\images\noTickets.svg", "XML", 0, 0, 0, 39, 0, 0, 0, 0, 1, 40
"d:\Project\NewClientPanel\new_client_panel-app\public\assets\images\operationDots.svg", "XML", 0, 0, 0, 5, 0, 0, 0, 0, 1, 6
"d:\Project\NewClientPanel\new_client_panel-app\public\assets\images\operationDotsTablet.svg", "XML", 0, 0, 0, 5, 0, 0, 0, 0, 1, 6
"d:\Project\NewClientPanel\new_client_panel-app\public\assets\images\parsianBankLogo.svg", "XML", 0, 0, 0, 14, 0, 0, 0, 0, 1, 15
"d:\Project\NewClientPanel\new_client_panel-app\public\assets\images\personalInfo.svg", "XML", 0, 0, 0, 5, 0, 0, 0, 0, 1, 6
"d:\Project\NewClientPanel\new_client_panel-app\public\assets\images\personalInfoIcon.svg", "XML", 0, 0, 0, 5, 0, 0, 0, 0, 1, 6
"d:\Project\NewClientPanel\new_client_panel-app\public\assets\images\plus.svg", "XML", 0, 0, 0, 4, 0, 0, 0, 0, 1, 5
"d:\Project\NewClientPanel\new_client_panel-app\public\assets\images\ramzNegarCompleteLogo.svg", "XML", 0, 0, 0, 50, 0, 0, 0, 0, 1, 51
"d:\Project\NewClientPanel\new_client_panel-app\public\assets\images\ramzNegarLogo.svg", "XML", 0, 0, 0, 22, 0, 0, 0, 0, 1, 23
"d:\Project\NewClientPanel\new_client_panel-app\public\assets\images\search.svg", "XML", 0, 0, 0, 3, 0, 0, 0, 0, 1, 4
"d:\Project\NewClientPanel\new_client_panel-app\public\assets\images\sendTicket.svg", "XML", 0, 0, 0, 3, 0, 0, 0, 0, 1, 4
"d:\Project\NewClientPanel\new_client_panel-app\public\assets\images\servicesSubOperation.svg", "XML", 0, 0, 0, 5, 0, 0, 0, 0, 1, 6
"d:\Project\NewClientPanel\new_client_panel-app\public\assets\images\technicalDocumentationIcon.svg", "XML", 0, 0, 0, 4, 0, 0, 0, 0, 1, 5
"d:\Project\NewClientPanel\new_client_panel-app\public\assets\images\tickets.svg", "XML", 0, 0, 0, 4, 0, 0, 0, 0, 1, 5
"d:\Project\NewClientPanel\new_client_panel-app\public\assets\images\upload.svg", "XML", 0, 0, 0, 3, 0, 0, 0, 0, 1, 4
"d:\Project\NewClientPanel\new_client_panel-app\public\assets\images\uploadFile.svg", "XML", 0, 0, 0, 4, 0, 0, 0, 0, 1, 5
"d:\Project\NewClientPanel\new_client_panel-app\public\assets\images\useHelpIcon.svg", "XML", 0, 0, 0, 3, 0, 0, 0, 0, 1, 4
"d:\Project\NewClientPanel\new_client_panel-app\public\assets\images\wageIcon.svg", "XML", 0, 0, 0, 7, 0, 0, 0, 0, 1, 8
"d:\Project\NewClientPanel\new_client_panel-app\public\assets\images\whiteEdit.svg", "XML", 0, 0, 0, 3, 0, 0, 0, 0, 1, 4
"d:\Project\NewClientPanel\new_client_panel-app\public\assets\images\whiteSendTicket.svg", "XML", 0, 0, 0, 3, 0, 0, 0, 0, 1, 4
"d:\Project\NewClientPanel\new_client_panel-app\public\assets\images\yellowEdit.svg", "XML", 0, 0, 0, 3, 0, 0, 0, 0, 1, 4
"d:\Project\NewClientPanel\new_client_panel-app\server.js", "JavaScript", 15, 0, 0, 0, 0, 0, 0, 0, 3, 18
"d:\Project\NewClientPanel\new_client_panel-app\src\common\Accordion.js", "JavaScript", 135, 0, 0, 0, 0, 0, 0, 0, 2, 137
"d:\Project\NewClientPanel\new_client_panel-app\src\common\Input.js", "JavaScript", 55, 0, 0, 0, 0, 0, 0, 0, 2, 57
"d:\Project\NewClientPanel\new_client_panel-app\src\common\SearchForm.js", "JavaScript", 36, 0, 0, 0, 0, 0, 0, 0, 2, 38
"d:\Project\NewClientPanel\new_client_panel-app\src\components\HomePageContent\ramzNegarCustomers.js", "JavaScript", 24, 0, 0, 0, 0, 0, 0, 0, 2, 26
"d:\Project\NewClientPanel\new_client_panel-app\src\components\HomePageContent\ramzNegarServices.js", "JavaScript", 321, 0, 0, 0, 0, 0, 0, 0, 4, 325
"d:\Project\NewClientPanel\new_client_panel-app\src\components\HomePageContent\ramzNegarSystem.js", "JavaScript", 64, 0, 0, 0, 0, 0, 0, 0, 2, 66
"d:\Project\NewClientPanel\new_client_panel-app\src\components\HomePageContent\whyRamzNegar.js", "JavaScript", 114, 0, 0, 0, 0, 0, 0, 0, 2, 116
"d:\Project\NewClientPanel\new_client_panel-app\src\components\applications\ApplicationsTable.js", "JavaScript", 164, 0, 0, 0, 0, 0, 0, 1, 2, 167
"d:\Project\NewClientPanel\new_client_panel-app\src\components\applications\addApplication\AppLicense.js", "JavaScript", 91, 0, 0, 0, 0, 0, 0, 0, 2, 93
"d:\Project\NewClientPanel\new_client_panel-app\src\components\applications\addApplication\AppPublicInfo.js", "JavaScript", 190, 0, 0, 0, 0, 0, 0, 0, 2, 192
"d:\Project\NewClientPanel\new_client_panel-app\src\components\applications\applicationDetails\AppServices.js", "JavaScript", 139, 0, 0, 0, 0, 0, 0, 0, 2, 141
"d:\Project\NewClientPanel\new_client_panel-app\src\components\applications\applicationDetails\AppSpecifications.js", "JavaScript", 88, 0, 0, 0, 0, 0, 0, 0, 3, 91
"d:\Project\NewClientPanel\new_client_panel-app\src\components\applications\applicationDetails\callServicesReports\CallServicesReportsForm.js", "JavaScript", 329, 0, 0, 0, 0, 0, 0, 13, 3, 345
"d:\Project\NewClientPanel\new_client_panel-app\src\components\applications\applicationDetails\callServicesReports\CallServicesReportsTable.js", "JavaScript", 124, 0, 0, 0, 0, 0, 0, 4, 5, 133
"d:\Project\NewClientPanel\new_client_panel-app\src\components\carousel\Carousel.js", "JavaScript", 109, 0, 0, 0, 0, 0, 0, 0, 3, 112
"d:\Project\NewClientPanel\new_client_panel-app\src\components\clientUser\ChangePassword\DesktopChangePassword.js", "JavaScript", 193, 0, 0, 0, 0, 0, 0, 0, 6, 199
"d:\Project\NewClientPanel\new_client_panel-app\src\components\clientUser\ChangePassword\MobileChangePassword.js", "JavaScript", 133, 0, 0, 0, 0, 0, 0, 0, 3, 136
"d:\Project\NewClientPanel\new_client_panel-app\src\components\clientUser\ResetPasswordForm\ResetPasswordForm.js", "JavaScript", 168, 0, 0, 0, 0, 0, 0, 0, 3, 171
"d:\Project\NewClientPanel\new_client_panel-app\src\components\clientUser\SignOut\SignoutModal.js", "JavaScript", 65, 0, 0, 0, 0, 0, 0, 0, 2, 67
"d:\Project\NewClientPanel\new_client_panel-app\src\components\clientUser\SignUpForm\MobileSignUpForm\MobileSignUpForm.js", "JavaScript", 135, 0, 0, 0, 0, 0, 0, 2, 2, 139
"d:\Project\NewClientPanel\new_client_panel-app\src\components\clientUser\SignUpForm\TabletSignUpForm\TabletSignUpForm.js", "JavaScript", 109, 0, 0, 0, 0, 0, 0, 0, 3, 112
"d:\Project\NewClientPanel\new_client_panel-app\src\components\clientUser\SignUpForm\signUp.js", "JavaScript", 208, 0, 0, 0, 0, 0, 0, 0, 4, 212
"d:\Project\NewClientPanel\new_client_panel-app\src\components\clientUser\UserInfoDetails\DesktopUserInfoDetails.js", "JavaScript", 224, 0, 0, 0, 0, 0, 0, 0, 3, 227
"d:\Project\NewClientPanel\new_client_panel-app\src\components\clientUser\UserInfoDetails\MobileUserInfoDetails.js", "JavaScript", 237, 0, 0, 0, 0, 0, 0, 0, 2, 239
"d:\Project\NewClientPanel\new_client_panel-app\src\components\clientUser\signInForm\SignInForm.js", "JavaScript", 276, 0, 0, 0, 0, 0, 0, 0, 4, 280
"d:\Project\NewClientPanel\new_client_panel-app\src\components\financial\financialReports\FinancialReportsForm.js", "JavaScript", 328, 0, 0, 0, 0, 0, 0, 12, 2, 342
"d:\Project\NewClientPanel\new_client_panel-app\src\components\financial\financialReports\FinancialReportsTable.js", "JavaScript", 158, 0, 0, 0, 0, 0, 0, 4, 5, 167
"d:\Project\NewClientPanel\new_client_panel-app\src\components\loginReports\LoginReportsTable.js", "JavaScript", 80, 0, 0, 0, 0, 0, 0, 0, 2, 82
"d:\Project\NewClientPanel\new_client_panel-app\src\components\ramzNegarServicesSection\ramzNegarServicesSection.js", "JavaScript", 54, 0, 0, 0, 0, 0, 0, 0, 2, 56
"d:\Project\NewClientPanel\new_client_panel-app\src\components\technicalDocsServices\TechnicalDocsServicesTable.js", "JavaScript", 162, 0, 0, 0, 0, 0, 0, 0, 4, 166
"d:\Project\NewClientPanel\new_client_panel-app\src\components\tickets\TicketsTable.js", "JavaScript", 184, 0, 0, 0, 0, 0, 0, 1, 2, 187
"d:\Project\NewClientPanel\new_client_panel-app\src\components\tickets\addTicket\AddTicket.js", "JavaScript", 264, 0, 0, 0, 0, 0, 0, 0, 3, 267
"d:\Project\NewClientPanel\new_client_panel-app\src\container\HomePageLayout\HomePageFooter\HomePageFooter.js", "JavaScript", 223, 0, 0, 0, 0, 0, 0, 0, 2, 225
"d:\Project\NewClientPanel\new_client_panel-app\src\container\HomePageLayout\HomePageHeader\Desktop\HomePageDesktopHeader.js", "JavaScript", 88, 0, 0, 0, 0, 0, 0, 0, 3, 91
"d:\Project\NewClientPanel\new_client_panel-app\src\container\HomePageLayout\HomePageHeader\MobileAndTablet\HomePageTabletAndMobileHeader.js", "JavaScript", 53, 0, 0, 0, 0, 0, 0, 0, 2, 55
"d:\Project\NewClientPanel\new_client_panel-app\src\container\HomePageLayout\HomePageHeader\MobileAndTablet\MobileAndTabletMenu.js", "JavaScript", 199, 0, 0, 0, 0, 0, 0, 0, 3, 202
"d:\Project\NewClientPanel\new_client_panel-app\src\container\HomePageLayout\HomePageLayout.js", "JavaScript", 14, 0, 0, 0, 0, 0, 0, 0, 3, 17
"d:\Project\NewClientPanel\new_client_panel-app\src\container\LandingLayout\LandingFooter\LandingFooter.js", "JavaScript", 223, 0, 0, 0, 0, 0, 0, 0, 2, 225
"d:\Project\NewClientPanel\new_client_panel-app\src\container\LandingLayout\LandingHeader\Desktop\LandingDesktopHeader.js", "JavaScript", 49, 0, 0, 0, 0, 0, 0, 0, 3, 52
"d:\Project\NewClientPanel\new_client_panel-app\src\container\LandingLayout\LandingHeader\LandingMobileAndTablet\LandingMobileAndTabletHeader.js", "JavaScript", 53, 0, 0, 0, 0, 0, 0, 0, 3, 56
"d:\Project\NewClientPanel\new_client_panel-app\src\container\LandingLayout\LandingHeader\LandingMobileAndTablet\LandingMobileAndTabletMenu.js", "JavaScript", 201, 0, 0, 0, 0, 0, 0, 0, 3, 204
"d:\Project\NewClientPanel\new_client_panel-app\src\container\LandingLayout\coinLandingLayout.js", "JavaScript", 81, 0, 0, 0, 0, 0, 0, 0, 2, 83
"d:\Project\NewClientPanel\new_client_panel-app\src\container\LandingLayout\myPoliceLandingLayout.js", "JavaScript", 84, 0, 0, 0, 0, 0, 0, 0, 2, 86
"d:\Project\NewClientPanel\new_client_panel-app\src\container\LandingLayout\serviceLandingLayout.js", "JavaScript", 83, 0, 0, 0, 0, 0, 0, 0, 2, 85
"d:\Project\NewClientPanel\new_client_panel-app\src\container\panelLayout\DesktopLayout\DesktopHeader.js", "JavaScript", 38, 0, 0, 0, 0, 0, 0, 0, 2, 40
"d:\Project\NewClientPanel\new_client_panel-app\src\container\panelLayout\DesktopLayout\DesktopSideBar.js", "JavaScript", 305, 0, 0, 0, 0, 0, 0, 0, 2, 307
"d:\Project\NewClientPanel\new_client_panel-app\src\container\panelLayout\MobileAndTabletLayout\MobileAndTabletMenu.js", "JavaScript", 274, 0, 0, 0, 0, 0, 0, 0, 4, 278
"d:\Project\NewClientPanel\new_client_panel-app\src\container\panelLayout\MobileAndTabletLayout\TabletAndMobileHeader.js", "JavaScript", 46, 0, 0, 0, 0, 0, 0, 0, 2, 48
"d:\Project\NewClientPanel\new_client_panel-app\src\container\panelLayout\index.js", "JavaScript", 59, 0, 0, 0, 0, 0, 0, 0, 3, 62
"d:\Project\NewClientPanel\new_client_panel-app\src\context\UserProvider.js", "JavaScript", 55, 0, 0, 0, 0, 0, 0, 0, 5, 60
"d:\Project\NewClientPanel\new_client_panel-app\src\pages\404.js", "JavaScript", 50, 0, 0, 0, 0, 0, 0, 0, 3, 53
"d:\Project\NewClientPanel\new_client_panel-app\src\pages\_app.js", "JavaScript", 50, 0, 0, 0, 0, 0, 0, 2, 5, 57
"d:\Project\NewClientPanel\new_client_panel-app\src\pages\_document.js", "JavaScript", 17, 0, 0, 0, 0, 0, 0, 0, 2, 19
"d:\Project\NewClientPanel\new_client_panel-app\src\pages\api\hello.js", "JavaScript", 3, 0, 0, 0, 0, 0, 0, 1, 2, 6
"d:\Project\NewClientPanel\new_client_panel-app\src\pages\index.js", "JavaScript", 41, 0, 0, 0, 0, 0, 0, 0, 2, 43
"d:\Project\NewClientPanel\new_client_panel-app\src\pages\panel\applications\addNewApplication\appTermsAndConditions\index.js", "JavaScript", 433, 0, 0, 0, 0, 0, 0, 25, 3, 461
"d:\Project\NewClientPanel\new_client_panel-app\src\pages\panel\applications\addNewApplication\index.js", "JavaScript", 329, 0, 0, 0, 0, 0, 0, 5, 7, 341
"d:\Project\NewClientPanel\new_client_panel-app\src\pages\panel\applications\applicationDetails\[appId]\addService\index.js", "JavaScript", 124, 0, 0, 0, 0, 0, 0, 2, 6, 132
"d:\Project\NewClientPanel\new_client_panel-app\src\pages\panel\applications\applicationDetails\[appId]\index.js", "JavaScript", 108, 0, 0, 0, 0, 0, 0, 3, 9, 120
"d:\Project\NewClientPanel\new_client_panel-app\src\pages\panel\applications\index.js", "JavaScript", 101, 0, 0, 0, 0, 0, 0, 1, 7, 109
"d:\Project\NewClientPanel\new_client_panel-app\src\pages\panel\financial\financialReports\index.js", "JavaScript", 13, 0, 0, 0, 0, 0, 0, 0, 3, 16
"d:\Project\NewClientPanel\new_client_panel-app\src\pages\panel\financial\increaseCredit\index.js", "JavaScript", 243, 0, 0, 0, 0, 0, 0, 41, 5, 289
"d:\Project\NewClientPanel\new_client_panel-app\src\pages\panel\loginReports\index.js", "JavaScript", 35, 0, 0, 0, 0, 0, 0, 1, 6, 42
"d:\Project\NewClientPanel\new_client_panel-app\src\pages\panel\technicalDocsServices\index.js", "JavaScript", 94, 0, 0, 0, 0, 0, 0, 1, 5, 100
"d:\Project\NewClientPanel\new_client_panel-app\src\pages\panel\tickets\addNewTicket\index.js", "JavaScript", 126, 0, 0, 0, 0, 0, 0, 4, 8, 138
"d:\Project\NewClientPanel\new_client_panel-app\src\pages\panel\tickets\index.js", "JavaScript", 99, 0, 0, 0, 0, 0, 0, 1, 6, 106
"d:\Project\NewClientPanel\new_client_panel-app\src\pages\panel\tickets\ticketDetails\[ticketId]\index.js", "JavaScript", 540, 0, 0, 0, 0, 0, 0, 22, 8, 570
"d:\Project\NewClientPanel\new_client_panel-app\src\pages\panel\userManual\index.js", "JavaScript", 47, 0, 0, 0, 0, 0, 0, 0, 2, 49
"d:\Project\NewClientPanel\new_client_panel-app\src\pages\ramzNegarServices\coinServices.js", "JavaScript", 33, 0, 0, 0, 0, 0, 0, 0, 2, 35
"d:\Project\NewClientPanel\new_client_panel-app\src\pages\ramzNegarServices\myPoliceServices.js", "JavaScript", 33, 0, 0, 0, 0, 0, 0, 0, 2, 35
"d:\Project\NewClientPanel\new_client_panel-app\src\pages\ramzNegarServices\serviceServices.js", "JavaScript", 33, 0, 0, 0, 0, 0, 0, 0, 2, 35
"d:\Project\NewClientPanel\new_client_panel-app\src\pages\termsAndConditions\index.js", "JavaScript", 483, 0, 0, 0, 0, 0, 0, 0, 3, 486
"d:\Project\NewClientPanel\new_client_panel-app\src\pages\user\changePassword\index.js", "JavaScript", 96, 0, 0, 0, 0, 0, 0, 0, 3, 99
"d:\Project\NewClientPanel\new_client_panel-app\src\pages\user\resetPassword\index.js", "JavaScript", 16, 0, 0, 0, 0, 0, 0, 0, 3, 19
"d:\Project\NewClientPanel\new_client_panel-app\src\pages\user\signIn\index.js", "JavaScript", 16, 0, 0, 0, 0, 0, 0, 0, 3, 19
"d:\Project\NewClientPanel\new_client_panel-app\src\pages\user\signUp\index.js", "JavaScript", 16, 0, 0, 0, 0, 0, 0, 0, 2, 18
"d:\Project\NewClientPanel\new_client_panel-app\src\pages\user\userInfoDetails\index.js", "JavaScript", 20, 0, 0, 0, 0, 0, 0, 0, 2, 22
"d:\Project\NewClientPanel\new_client_panel-app\src\server\Service.js", "JavaScript", 403, 0, 0, 0, 0, 0, 0, 32, 5, 440
"d:\Project\NewClientPanel\new_client_panel-app\src\styles\fonts.css", "CSS", 0, 62, 0, 0, 0, 0, 0, 0, 3, 65
"d:\Project\NewClientPanel\new_client_panel-app\src\styles\globals.css", "CSS", 0, 131, 0, 0, 0, 0, 0, 2, 11, 144
"d:\Project\NewClientPanel\new_client_panel-app\tailwind.config.js", "JavaScript", 78, 0, 0, 0, 0, 0, 0, 4, 2, 84
"d:\Project\NewClientPanel\new_client_panel-app\utils\Random.js", "JavaScript", 5, 0, 0, 0, 0, 0, 0, 0, 1, 6
"Total", "-", 11141, 193, 25, 8474, 6075, 7, 1, 202, 451, 26569